timestamp,username,title,content,note
2025-07-21 02:35:35,Nishanth,How I feel,I am a little anxious. But I know I need to calm down.,
2025-07-21 02:36:10,Nishanth,What I want to do next?,I want to become the best sports person possible.,
2025-07-21 02:40:04,Nishanth,How I should feel?,I should be happy because I got an internship.,
2025-07-21 02:43:34,Nishanth,How i feel,i am feeling good,
2025-07-21 02:46:32,Nishanth,How i feel,,I feel good
2025-07-21 02:46:54,Nishanth,How i feel,,i feel great!!
2025-07-21 02:49:21,Joshna,Today,I am feeling good today. ,
2025-07-21 02:51:27,Joshna,Today2,I am feeling great today. ,
2025-07-21 03:13:49,Sanskrithi Reddy,A Perfect Morning,"""I woke up early today and went for a walk. The sky was a beautiful shade of orange and the breeze was gentle. I felt so refreshed and motivated. I even got to finish reading that book I love. Just a really peaceful, happy start to the day.""",
2025-07-21 03:14:12,Sanskrithi Reddy,A Perfect Morning,"""I woke up early today and went for a walk. The sky was a beautiful shade of orange and the breeze was gentle. I felt so refreshed and motivated. I even got to finish reading that book I love. Just a really peaceful, happy start to the day.""",
2025-07-21 12:29:04,Naveena,Sanskrithi,She is my daughter.,
2025-07-27 10:12:35,John,Missing the Old Days,"Lately, I’ve been thinking a lot about how things used to be. I miss spending time with my childhood friends, and it feels like life is moving too fast. I feel a bit lost and nostalgic, and sometimes I just want to pause everything and rest.",
2025-07-27 10:14:10,John,Tired of Being Ignored,"It’s so frustrating when people don’t listen to me. I keep trying to be patient and understanding, but I’m always the one who ends up being taken for granted. I need to start setting boundaries because this is not okay anymore.",
